"Reference","Qty","Value","DNP","Exclude from BOM","Exclude from Board","Footprint","Datasheet"
"APIT1,APIT3,NEVET1,NEVET2","4","Transformer_1P_1S","","","","",""
"APIT2,APIT4","2","1:2","","","","",""
"C1,C2,C172,C175","4","10µF","","","","CAP_6 X 3.2 X 2.5_VIS","https://www.vishay.com/doc?40080"
"C3,C4,C5,C6,C170,C171,C173,C174,C182,C183,C184,C185","12","2.7nF","","","","C1608C0G2A103J080AC:CAPC1608X90N",""
"C7,C28,C29,C30,C31,C32,C33,C34,C35,C36,C223,C251,C252,C257,C259,C260,C261,C264,C265,C266,C288,C289,C306,C327,C329,C330,C331,C334,C335,C336","30","100nF","","","","C1608C0G2A103J080AC:CAPC1608X90N",""
"C8,C13,C77,C78,C79,C80,C81,C82,C83,C84,C93,C94,C95,C96,C97,C98,C99,C100,C138,C139,C140,C141,C142,C143,C144,C145,C154,C155,C156,C157,C158,C159,C160,C161,C208,C210,C217,C233,C278,C280,C300,C313","42","10µF","","","","CAPPRD750W85D1600H2200","http://industrial.panasonic.com/cdbs/www-data/pdf/RDF0000/ABA0000C1209.pdf"
"C9,C10,C11,C12,C14,C15,C16,C17,C18,C19,C20,C21,C23,C24,C25,C26,C27,C69,C70,C71,C72,C73,C74,C75,C76,C85,C86,C87,C88,C89,C90,C91,C92,C101,C102,C103,C104,C105,C106,C107,C108,C109,C110,C111,C112,C113,C114,C115,C116,C118,C127,C128,C129,C130,C131,C132,C133,C134,C135,C136,C137,C146,C147,C148,C149,C150,C151,C152,C153,C162,C163,C164,C165,C166,C167,C168,C169,C189,C191,C192,C193,C194,C195,C197,C198,C199,C200,C205,C206,C207,C209,C211,C235,C270,C276,C277,C279,C281,C286","99","0.1µF","","","","C1608C0G2A103J080AC:CAPC1608X90N",""
"C22,C117,C196","3","4.7µF","","","","CAPPRD750W85D1600H2200","http://industrial.panasonic.com/cdbs/www-data/pdf/RDF0000/ABA0000C1209.pdf"
"C37,C38,C39,C40,C41,C42,C43,C44,C45,C46,C47,C48,C49,C50,C51,C52,C53,C54,C55,C56,C57,C58,C59,C60,C61,C62,C63,C64,C65,C66,C67,C68","32","2.2nF","","","","C1608C0G2A103J080AC:CAPC1608X90N",""
"C119,C120,C121,C122,C123,C124,C125,C126,C176,C177,C178,C179,C180,C181,C212,C282","16","4µF 63V","","","","CAPPRD750W85D1600H2200","http://industrial.panasonic.com/cdbs/www-data/pdf/RDF0000/ABA0000C1209.pdf"
"C186,C188,C226,C232,C267,C269,C283,C285","8","47µF","","","","CAPPRD750W85D1600H2200","http://industrial.panasonic.com/cdbs/www-data/pdf/RDF0000/ABA0000C1209.pdf"
"C187,C227,C268,C284","4","120pF","","","","CAPPRD750W85D1600H2200","http://industrial.panasonic.com/cdbs/www-data/pdf/RDF0000/ABA0000C1209.pdf"
"C190,C271","2","10µ","","","","",""
"C201,C202,C272,C273","4","22µF","","","","CAPPRD750W85D1600H2200","http://industrial.panasonic.com/cdbs/www-data/pdf/RDF0000/ABA0000C1209.pdf"
"C203,C204,C274,C275","4","1.0µ","","","","",""
"C213,C296","2","1µ5","","","","CAPPRD750W85D1600H2200","http://industrial.panasonic.com/cdbs/www-data/pdf/RDF0000/ABA0000C1209.pdf"
"C214,C297","2","68nF","","","","C1608C0G2A103J080AC:CAPC1608X90N",""
"C215,C298","2","820nF","","","","C1608C0G2A103J080AC:CAPC1608X90N",""
"C216,C299","2","33nF","","","","C1608C0G2A103J080AC:CAPC1608X90N",""
"C218,C301","2","390nF","","","","C1608C0G2A103J080AC:CAPC1608X90N",""
"C219,C302","2","18n","","","","C1608C0G2A103J080AC:CAPC1608X90N",""
"C220,C303","2","10µF","","","","C1608C0G2A103J080AC:CAPC1608X90N",""
"C221,C304","2","220nF","","","","C1608C0G2A103J080AC:CAPC1608X90N",""
"C222,C305","2","8n2","","","","C1608C0G2A103J080AC:CAPC1608X90N",""
"C224,C307","2","3n9","","","","C1608C0G2A103J080AC:CAPC1608X90N",""
"C225,C308","2","15nF","","","","",""
"C228,C247,C309,C324","4","150pF","","","","C1608C0G2A103J080AC:CAPC1608X90N",""
"C229,C310","2","68 nF","","","","",""
"C230,C311","2","47nF","","","","C1608C0G2A103J080AC:CAPC1608X90N",""
"C231,C312","2","2n2","","","","C1608C0G2A103J080AC:CAPC1608X90N",""
"C234,C314","2","220 nF","","","","",""
"C236,C315","2","27nF","","","","C1608C0G2A103J080AC:CAPC1608X90N",""
"C237,C316","2","1n0","","","","C1608C0G2A103J080AC:CAPC1608X90N",""
"C238,C317","2","1.0 µF","","","","",""
"C239,C318","2","4.7 µF","","","","",""
"C240,C319","2","12nF","","","","C1608C0G2A103J080AC:CAPC1608X90N",""
"C241,C320","2","560pF","","","","C1608C0G2A103J080AC:CAPC1608X90N",""
"C242,C243,C258,C290,C291,C328","6","22pF","","","","C1608C0G2A103J080AC:CAPC1608X90N",""
"C244,C321","2","6n8","","","","C1608C0G2A103J080AC:CAPC1608X90N",""
"C245,C322","2","270pF","","","","C1608C0G2A103J080AC:CAPC1608X90N",""
"C246,C323","2","3n3","","","","C1608C0G2A103J080AC:CAPC1608X90N",""
"C248,C249,C292,C293","4","220nF","","","","",""
"C250,C287","2","1µF","","","","",""
"C253,C263,C325,C332","4","10µF","","","","",""
"C254,C255,C294,C295","4","33pF","","","","",""
"C256,C326","2","4.7µF","","","","",""
"C262,C333","2","22pF","","","","",""
"D1,D2,D3,D4,D5,D6,D7,D8,D9,D10,D11,D12,D13,D14,D15,D16,D17,D18,D19,D20,D21,D22,D23,D24,D25,D26,D27,D28,D29,D30,D31,D32,D33,D34,D35,D36,D37,D38,D39,D40,D41,D42,D43,D44,D45,D46,D47,D48,D49,D50,D51,D52,D53,D54,D55,D56,D57,D58,D59,D60,D61,D62,D63,D64,D65,D66,D67,D68,D69,D70,D71,D72,D73,D74,D75,D76,D77,D78","78","1N4148","","","","Diode_THT:D_DO-35_SOD27_P7.62mm_Horizontal","https://assets.nexperia.com/documents/data-sheet/1N4148_1N4448.pdf"
"J1,J2,J3,J4,J5,J6,J74,J89","8","DB25_Socket","","","","",""
"J7,J19,J23,J27,J31,J35,J38,J49,J53,J57,J62,J68,J70,J72,J83,J85,J87","17","RIGHT","","","","Connector_Audio:Jack_XLR_Neutrik_NC3FAAH_Horizontal","https://www.neutrik.com/en/product/nc3faah"
"J8,J20,J24,J28,J32,J36,J39,J50,J54,J58,J63,J69,J71,J73,J84,J86,J88","17","LEFT","","","","Connector_Audio:Jack_XLR_Neutrik_NC3FAAH_Horizontal","https://www.neutrik.com/en/product/nc3faah"
"J9,J10,J11,J12,J13,J14,J15,J16,J41,J42,J43,J44,J45,J46,J47,J48","16","XLR3","","","","",""
"J17,J18,J21,J22,J25,J26,J29,J30,J33,J34,J37,J40,J51,J52,J55,J56,J59,J60,J61,J64,J65,J66","22","NC3FAAH","","","","Connector_Audio:Jack_XLR_Neutrik_NC3FAAH_Horizontal","https://www.neutrik.com/en/product/nc3faah"
"J67,J82","2","MAIN_INPUT","","","","Connector_Audio:Jack_XLR_Neutrik_NC3FAAH_Horizontal","https://www.neutrik.com/en/product/nc3faah"
"J75","1","QSH-120-01-L-D-A","","","","CONN_QSH-120-01_SAI","QSH-120-01-L-D-A"
"J76","1","TFM-130-22-S-D-A","","","","TFM-130-22-S-D-A:SAMTEC_TFM-130-22-S-D-A",""
"J77","1","TFM-110-02-L-D-A-K","","","","TFM-110-02-L-D-A-K:SAMTEC_TFM-110-02-L-D-A-K",""
"J78","1","SAMTEC-SFM-130-02-X-D","","","","SAMTEC-SFM-130-02-X-D:SAMTEC-SFM-130-02-X-D",""
"J79","1","SFM-110-02-X-D-A-P-X","","","","SFM-110-02-X-D-A-P-X:SAMTEC_SFM-110-02-X-D-A-P-X",""
"J80","1","TFM-120-02-L-D-WT-P-TR","","","","TFM-120-02-L-D-WT-P-TR:SAMTEC_TFM-120-02-L-D-WT-P-TR",""
"J81","1","SFMH-120-02-L-D-WT","","","","SFMH-120-02-L-D-WT:SAMTEC_SFMH-120-02-L-D-WT",""
"K1,K2,K8,K14","4","G5V-2-H1-DC12","","","","G5V-2-H1-DC12:RELAY_G5V-2-H1-DC12",""
"K3,K9","2","Fujitsu_FTR-LYAA005x","","","","Relay_THT:Relay_SPST-NO_Fujitsu_FTR-LYAA005x_FormA_Vertical","https://www.fujitsu.com/sg/imagesgig5/ftr-ly.pdf"
"K4,K5,K6,K10,K11,K12","6","G6HU-2","","","","Relay_THT:Relay_DPDT_Omron_G6H-2","http://cdn-reichelt.de/documents/datenblatt/C300/G6H%23OMR.pdf"
"K7,K13","2","UNBAL_CONVERSION","","","","Relay_THT:Relay_DPDT_Omron_G6H-2","http://cdn-reichelt.de/documents/datenblatt/C300/G6H%23OMR.pdf"
"MES1,MES2,MES3,MES4,MES5,MES6,MES7,MES8,MES9,MES10,MES11,MES12,MES13,MES14,MES15,MES16","16","Ammeter_AC","","","","",""
"Q1,Q2","2","NPN","","","","","https://ngspice.sourceforge.io/docs/ngspice-html-manual/manual.xhtml#cha_BJTs"
"Q3,Q4","2","2N5088","","","","",""
"R1,R2,R3,R4,R5,R6,R7,R8,R9,R10,R11,R12,R13,R14,R15,R16,R17,R18,R19,R20,R21,R22,R23,R24,R25,R26,R27,R28,R29,R30,R31,R32,R33,R34,R35,R36,R50,R63,R64,R75,R84,R85,R94,R95,R98,R106,R116,R119,R197,R200,R201,R204,R212,R214,R218,R220,R272,R277,R280,R281,R284,R286,R336,R346,R359,R360,R362,R363,R366,R371,R375,R376,R389,R391,R439,R449,R452,R453,R454,R455,R457,R467,R468,R482,R489,R490,RV1,RV2,RV3,RV4,RV5,RV6,RV7,RV8,RV9,RV10,RV11,RV12,RV13,RV14,RV15,RV16,RV17,RV18,RV19,RV20,RV21,RV22,RV23,RV24,RV25,RV26,RV27,RV28,RV29,RV30,RV31,RV32,RV33,RV34,RV36,RV37,RV45,RV55,RV56,RV57,RV58,RV59,RV60,RV62,RV63,RV64,RV81,RV82,RV83,RV84,RV85,RV86,RVDEPTH1,RVDEPTH2,RVHIGH1,RVHIGH2,RVLOW1,RVLOW2,RVRATIO1,RVRATIO2,RVRATIO3,RVRATIO4,RVRELEASE1,RVRELEASE2,RVRELEASE3,RVRELEASE4,RVRELEASE5,RVRELEASE6,RVTHRESH1,RVTHRESH2,RVTHRESH3,RVTHRESH4,RVTHRESH5,RVTHRESH6,RVTRIM1,RVTRIM2","162","10k","","","","",""
"R37,R38,R39,R40,R41,R42,R43,R44,R45,R46,R47,R48,R49,R51,R52,R53,R54,R55,R56,R57,R58,R59,R60,R61,R62,R65,R66,R67,R68,R69,R70,R71,R72,R73,R74,R76,R77,R78,R79,R80,R81,R82,R83,R86,R87,R88,R89,R90,R91,R92,R93,R96,R97,R99,R100,R101,R102,R103,R104,R105,R107,R108,R109,R110,R111,R112,R113,R114,R115,R117,R118,R120,R121,R122,R123,R124,R125,R126,R127,R128,R129,R130,R131,R132,R133,R134,R135,R136,R137,R138,R139,R140,R141,R142,R143,R144,R222,R223,R224,R225,R228,R229,R230,R231,R234,R235,R238,R239,R250,R252,R255,R256,R261,R263,R264,R267,R288,R289,R290,R291,R293,R295,R296,R297,R299,R301,R302,R303,R305,R307,R308,R309,R312,R313,R314,R315","136","20kΩ","","","","",""
"R145,R146,R147,R148,R149,R150,R236,R240,R249,R258,R262,R265","12","2k","","","","RES_H8_TYCO_TYC","https://www.te.com/commerce/DocumentDelivery/DDEController?Action=srchrtrv&DocNm=1773230&DocType=Data+Sheet&DocLang=English&PartCntxt=2-1879665-1&DocFormat=pdf"
"R151,R152,R153,R154,R237,R253,R259,R275","8","640","","","","RES_H8_TYCO_TYC","https://www.te.com/commerce/DocumentDelivery/DDEController?Action=srchrtrv&DocNm=1773230&DocType=Data+Sheet&DocLang=English&PartCntxt=2-1879665-1&DocFormat=pdf"
"R155,R156,R350,R353,R357,R361,R365,R367,R368,R377,R381,R385,R387,R390,R470,R473,R477,R479,R481,R483,R484,R491,R495,R499,R501,R503","26","1k","","","","",""
"R157,R158,R159,R160,R161,R162,R163,R164,R165,R166,R167,R168,R169,R170,R171,R172,R173,R174,R175,R176,R177,R178,R179,R180,R181,R182,R183,R184,R185,R186,R187,R188,R317,R318,R319,R320","36","750","","","","RES_H8_TYCO_TYC","https://www.te.com/commerce/DocumentDelivery/DDEController?Action=srchrtrv&DocNm=1773230&DocType=Data+Sheet&DocLang=English&PartCntxt=2-1879665-1&DocFormat=pdf"
"R189,R190,R191,R192,R193,R194,R195,R196,R242,R243,R244,R245,R246,R247,R251,R254","16","PSM01-081A-103B2","","","","PSM01-081A_BRN","PSM01-081A-103B2"
"R198,R199,R202,R203,R205,R206,R207,R208,R209,R210,R211,R213,R215,R216,R217,R219,R266,R268,R269,R270,R271,R273,R276,R278,R279,R282,R283,R285,R347,R348,R406,R450,R451,R504","34","470","","","","",""
"R221,R226,R227,R232,R233,R241,R248,R257,R260,R274,R287,R292,R294,R298,R300,R304,R306,R310,R311,R316,R420,R423,R424,R425,R426,R427,R524,R526,R527,R528,R529,R530","32","100","","","","RES_H8_TYCO_TYC","https://www.te.com/commerce/DocumentDelivery/DDEController?Action=srchrtrv&DocNm=1773230&DocType=Data+Sheet&DocLang=English&PartCntxt=2-1879665-1&DocFormat=pdf"
"R321,R322,R323,R324,R333,R334,R338,R341,R399,R411,R436,R437,R441,R444,R463,R507","16","100k","","","","",""
"R325,R326,R428,R429","4","6.81kΩ","","","","",""
"R327,R328,R430,R431","4","51Ω","","","","",""
"R329,R330,R432,R433","4","150 1%","","","","",""
"R331,R332,R434,R435","4","680 1%","","","","",""
"R335,R369,R438,R456","4","3.3k","","","","",""
"R337,R440","2","180k","","","","",""
"R339,R340,R442,R443,RV38,RV39,RV40,RV41,RV43,RV47,RV49,RV52,RV53,RV54,RV65,RV66,RV67,RV68,RV70,RV73,RV75,RV78,RV79,RV80,RVGAIN1,RVGAIN2","26","5k","","","","",""
"R342,R343,R445,R446","4","1.5k","","","","",""
"R344,R345,R447,R448","4","470k","","","","",""
"R349,R351,R354,R358,R364,R374,R379,R384,R386,R388,R469,R471,R474,R478,R480,R488,R493,R498,R500,R502","20","220k","","","","",""
"R352,R370,R372,R382,R383,R472,R485,R486,R496,R497","10","47k","","","","",""
"R355,R475","2","15k","","","","",""
"R356,R476","2","1M","","","","",""
"R373,R487","2","100","","","","",""
"R378,R380,R492,R494","4","22k","","","","",""
"R392,R407,R408,R410,R415,R418,R422,R458,R506,R514,R516,R521,R523,R525","14","20k","","","","RES_H8_TYCO_TYC","https://www.te.com/commerce/DocumentDelivery/DDEController?Action=srchrtrv&DocNm=1773230&DocType=Data+Sheet&DocLang=English&PartCntxt=2-1879665-1&DocFormat=pdf"
"R393,R395,R396,R400,R403,R405,R414,R416,R421,R459,R461,R466,R505,R509,R510,R512,R513,R519","18","6.8k","","","","",""
"R394,R460","2","4.7k 1%","","","","",""
"R397,R401,R404,R409,R417,R462,R465,R511,R515,R522","10","100k 1%","","","","",""
"R398,R402,R419,R464,R508,R517","6","3.4k","","","","",""
"R412,R518","2","15k","","","","RES_H8_TYCO_TYC","https://www.te.com/commerce/DocumentDelivery/DDEController?Action=srchrtrv&DocNm=1773230&DocType=Data+Sheet&DocLang=English&PartCntxt=2-1879665-1&DocFormat=pdf"
"R413,R520","2","100k","","","","RES_H8_TYCO_TYC","https://www.te.com/commerce/DocumentDelivery/DDEController?Action=srchrtrv&DocNm=1773230&DocType=Data+Sheet&DocLang=English&PartCntxt=2-1879665-1&DocFormat=pdf"
"RV35,RV61","2","25k C-Taper","","","","",""
"RV42,RV69","2","250k","","","","",""
"RV44,RV71","2","Treble","","","","",""
"RV46,RV72","2","Semi-Treble","","","","",""
"RV48,RV74","2","Mid","","","","",""
"RV50,RV76","2","Semi-Bass","","","","",""
"RV51,RV77","2","Bass","","","","",""
"RVATTACK1,RVATTACK2,RVATTACK3,RVATTACK4","4","50k","","","","",""
"SW1,SW5","2","-20dB_Pad","","","","",""
"SW2,SW7","2","INVERSE_POLARITY","","","","",""
"SW3,SW6","2","FASTATTACK1","","","","",""
"SW4,SW8","2","SUB_BUS","","","","",""
"T1,T2","2","1:1","","","","",""
"U1,U2,U3,U4,U5,U6,U7,U8,U9,U10,U11,U12,U13,U14,U15,U16,U17,U18,U19,U20,U21,U22,U23,U24,U25,U26,U27,U28,U29,U30,U31,U32,U33,U34,U35,U36,U37,U38,U39,U40,U41,U42,U43,U44,U45,U46,U47,U48,U49,U50,U51,U68,U69,U70,U71,U72,U73,U74,U75,U76,U77,U78,U79,U80,U81,U82,U83,U115,U116,U117,U118,U129,U130,U141,U143,U144,U146,U148,U149,U150,U151,U153,U154,U155,U158,U160,U161,U162,U163,U180,U181,U182,U183,U184,U185,U186,U187,U188,U189,U191,U192,U195,U196,U197,U198","105","NE5532","","","","","http://www.ti.com/lit/ds/symlink/ne5532.pdf"
"U52,U53","2","PCM1804DBR","","","","DB28","https://www.ti.com/lit/gpn/pcm1804"
"U54,U93,U138","3","NUCLEO144-H743ZI","","","","Module:ST_Morpho_Connector_144_STLink","https://www.st.com/resource/en/user_manual/dm00244518-stm32-nucleo144-boards-stmicroelectronics.pdf"
"U55,U56","2","ADAU1452","","","","Package_CSP:LFCSP-72-1EP_10x10mm_P0.5mm_EP5.3x5.3mm","https://www.analog.com/media/en/technical-documentation/data-sheets/ADAU1452_1451_1450.pdf"
"U57,U58","2","74HC595","","","","","http://www.ti.com/lit/ds/symlink/sn74hc595.pdf"
"U59,U60,U61,U62,U63,U64,U65,U66,U67","9","PCM1794A","","","","Package_SO:SSOP-28_5.3x10.2mm_P0.65mm","http://www.ti.com/lit/ds/symlink/pcm1794a.pdf"
"U84,U85,U86,U87,U88,U89,U90,U91,U106,U107,U108,U109,U110,U111,U112,U113,U140,U175","18","PGA2311U","","","","PGA2311U:SOIC127P1030X265-16N",""
"U92,U103,U104,U114,U127,U128,U137,U139,U174","9","MCP23017x-x-ML","","","","Package_DFN_QFN:QFN-28-1EP_6x6mm_P0.65mm_EP4.25x4.25mm","https://ww1.microchip.com/downloads/aemDocuments/documents/APID/ProductDocuments/DataSheets/MCP23017-Data-Sheet-DS20001952.pdf"
"U94","1","EM14A0D-C24-L032N","","","","EM14A0D-C24-L032N_BRN","EM14A0D-C24-L032N"
"U95,U96,U97,U98,U99,U100,U101,U102,U119,U120,U121,U122,U123,U124,U125,U126,U131,U132,U134,U135,U142,U164,U168,U169,U171,U172,U176,U199","28","DRV8837C","","","","Package_SON:WSON-8-1EP_2x2mm_P0.5mm_EP0.9x1.6mm","http://www.ti.com/lit/ds/symlink/drv8837c.pdf"
"U105,U166,U201","3","ULN2803A","","","","","http://www.ti.com/lit/ds/symlink/uln2803a.pdf"
"U133,U147,U170,U178","4","","","","","",""
"U136,U173","2","EM84","","","","Valve:Valve_Noval_P","http://www.r-type.org/pdfs/em84.pdf"
"U145,U177","2","LM4562","","","","","http://www.ti.com/lit/ds/symlink/lm4562.pdf"
"U152,U159,U179,U194","4","THAT2180","","","","Package_SIP:SIP-8_19x3mm_P2.54mm","http://www.thatcorp.com/datashts/THAT_2180-Series_Datasheet.pdf"
"U156,U190","2","VTL5C__2","","","","VTL5C__2:VTL5C_2",""
"U157,U193","2","4320N24-U","","","","QFN_20N24-U_THT","4320N24-U"
"U165,U200","2","AT42QT1011-M","","","","Package_DFN_QFN:DFN-8-1EP_2x2mm_P0.5mm_EP0.9x1.5mm","http://ww1.microchip.com/downloads/en/DeviceDoc/40001947A.pdf"
"U167,U202","2","THAT1646","","","","",""
"VR1,VR2","2","PSM01-081A-103B2","","","","PSM01081A103B2","https://www.mouser.com/datasheet/3/40/1/psm.pdf"
"Y1,Y2","2","ASEMB-24.576MHZ-LC-T","","","","ASEMB_Series_ABR","ASEMB-24.576MHZ-LC-T"
